﻿<?xml version="1.0"?>
<!-- This simple data represents food items in a grocery store -->
<GroceryStore>
	<StoreName>Fourth Coffee</StoreName>
	<Departments>
		<Department Name="Breads">
			<Item ID="B1">
				<Name>Wheat Bread</Name>
				<Price>1.29</Price>
				<New />
			</Item>
			<Item ID="B2" Type="Muffin">
				<Name>Blueberry Muffin</Name>
				<Price>3.99</Price>
				<New />
			</Item>
		</Department>
		<Department Name="Fruits">
			<Item ID="F1">
				<Name>Apple</Name>
				<Price>0.99</Price>
			</Item>
		</Department>
	</Departments>
</GroceryStore>
