<?xml version="1.0" encoding="UTF-8"?><?xml-stylesheet type='text/xsl' href='_UpgradeReport_Files/UpgradeReport.xslt'?><UpgradeLog>
<Properties><Property Name="Solution" Value="SampleQueries">
</Property><Property Name="Solution File" Value="C:\Users\patrick.schwarz\Documents\MSDN\2008c#\LinqSamples\SampleQueries\SampleQueries.sln">
</Property><Property Name="Date" Value="Mittwoch, 04. August 2010">
</Property><Property Name="Time" Value="11:20">
</Property></Properties><Event ErrorLevel="0" Project="" Source="SampleQueries.sln" Description="File successfully backed up as C:\Users\patrick.schwarz\Documents\MSDN\2008c#\LinqSamples\SampleQueries\Backup\SampleQueries.sln">
</Event><Event ErrorLevel="0" Project="SampleQueries" Source="SampleQueries.csproj" Description="Project file successfully backed up as C:\Users\patrick.schwarz\Documents\MSDN\2008c#\LinqSamples\SampleQueries\Backup\SampleQueries.csproj">
</Event><Event ErrorLevel="0" Project="SampleQueries" Source="DataSetLinqSamples.cs" Description="File successfully backed up as C:\Users\patrick.schwarz\Documents\MSDN\2008c#\LinqSamples\SampleQueries\Backup\DataSetLinqSamples.cs">
</Event><Event ErrorLevel="0" Project="SampleQueries" Source="EmployeeDataSet.Designer.cs" Description="File successfully backed up as C:\Users\patrick.schwarz\Documents\MSDN\2008c#\LinqSamples\SampleQueries\Backup\EmployeeDataSet.Designer.cs">
</Event><Event ErrorLevel="0" Project="SampleQueries" Source="LinqSamples.cs" Description="File successfully backed up as C:\Users\patrick.schwarz\Documents\MSDN\2008c#\LinqSamples\SampleQueries\Backup\LinqSamples.cs">
</Event><Event ErrorLevel="0" Project="SampleQueries" Source="LinqToSqlSamples.cs" Description="File successfully backed up as C:\Users\patrick.schwarz\Documents\MSDN\2008c#\LinqSamples\SampleQueries\Backup\LinqToSqlSamples.cs">
</Event><Event ErrorLevel="0" Project="SampleQueries" Source="LinqToXmlSamples.cs" Description="File successfully backed up as C:\Users\patrick.schwarz\Documents\MSDN\2008c#\LinqSamples\SampleQueries\Backup\LinqToXmlSamples.cs">
</Event><Event ErrorLevel="0" Project="SampleQueries" Source="Mapping.cs" Description="File successfully backed up as C:\Users\patrick.schwarz\Documents\MSDN\2008c#\LinqSamples\SampleQueries\Backup\Mapping.cs">
</Event><Event ErrorLevel="0" Project="SampleQueries" Source="Northwind.cs" Description="File successfully backed up as C:\Users\patrick.schwarz\Documents\MSDN\2008c#\LinqSamples\SampleQueries\Backup\Northwind.cs">
</Event><Event ErrorLevel="0" Project="SampleQueries" Source="NorthwindExtended.cs" Description="File successfully backed up as C:\Users\patrick.schwarz\Documents\MSDN\2008c#\LinqSamples\SampleQueries\Backup\NorthwindExtended.cs">
</Event><Event ErrorLevel="0" Project="SampleQueries" Source="NorthwindMapped.cs" Description="File successfully backed up as C:\Users\patrick.schwarz\Documents\MSDN\2008c#\LinqSamples\SampleQueries\Backup\NorthwindMapped.cs">
</Event><Event ErrorLevel="0" Project="SampleQueries" Source="ObjectDumper.cs" Description="File successfully backed up as C:\Users\patrick.schwarz\Documents\MSDN\2008c#\LinqSamples\SampleQueries\Backup\ObjectDumper.cs">
</Event><Event ErrorLevel="0" Project="SampleQueries" Source="Program.cs" Description="File successfully backed up as C:\Users\patrick.schwarz\Documents\MSDN\2008c#\LinqSamples\SampleQueries\Backup\Program.cs">
</Event><Event ErrorLevel="0" Project="SampleQueries" Source="Properties\AssemblyInfo.cs" Description="File successfully backed up as C:\Users\patrick.schwarz\Documents\MSDN\2008c#\LinqSamples\SampleQueries\Backup\Properties\AssemblyInfo.cs">
</Event><Event ErrorLevel="0" Project="SampleQueries" Source="Properties\Resources.Designer.cs" Description="File successfully backed up as C:\Users\patrick.schwarz\Documents\MSDN\2008c#\LinqSamples\SampleQueries\Backup\Properties\Resources.Designer.cs">
</Event><Event ErrorLevel="0" Project="SampleQueries" Source="SampleForm.cs" Description="File successfully backed up as C:\Users\patrick.schwarz\Documents\MSDN\2008c#\LinqSamples\SampleQueries\Backup\SampleForm.cs">
</Event><Event ErrorLevel="0" Project="SampleQueries" Source="SampleForm.Designer.cs" Description="File successfully backed up as C:\Users\patrick.schwarz\Documents\MSDN\2008c#\LinqSamples\SampleQueries\Backup\SampleForm.Designer.cs">
</Event><Event ErrorLevel="0" Project="SampleQueries" Source="SampleHarness.cs" Description="File successfully backed up as C:\Users\patrick.schwarz\Documents\MSDN\2008c#\LinqSamples\SampleQueries\Backup\SampleHarness.cs">
</Event><Event ErrorLevel="0" Project="SampleQueries" Source="XQueryUseCases.cs" Description="File successfully backed up as C:\Users\patrick.schwarz\Documents\MSDN\2008c#\LinqSamples\SampleQueries\Backup\XQueryUseCases.cs">
</Event><Event ErrorLevel="0" Project="SampleQueries" Source="EmployeeDataSet.xsc" Description="File successfully backed up as C:\Users\patrick.schwarz\Documents\MSDN\2008c#\LinqSamples\SampleQueries\Backup\EmployeeDataSet.xsc">
</Event><Event ErrorLevel="0" Project="SampleQueries" Source="EmployeeDataSet.xsd" Description="File successfully backed up as C:\Users\patrick.schwarz\Documents\MSDN\2008c#\LinqSamples\SampleQueries\Backup\EmployeeDataSet.xsd">
</Event><Event ErrorLevel="0" Project="SampleQueries" Source="EmployeeDataSet.xss" Description="File successfully backed up as C:\Users\patrick.schwarz\Documents\MSDN\2008c#\LinqSamples\SampleQueries\Backup\EmployeeDataSet.xss">
</Event><Event ErrorLevel="0" Project="SampleQueries" Source="ReadMe.html" Description="File successfully backed up as C:\Users\patrick.schwarz\Documents\MSDN\2008c#\LinqSamples\SampleQueries\Backup\ReadMe.html">
</Event><Event ErrorLevel="0" Project="SampleQueries" Source="Properties\Resources.resx" Description="File successfully backed up as C:\Users\patrick.schwarz\Documents\MSDN\2008c#\LinqSamples\SampleQueries\Backup\Properties\Resources.resx">
</Event><Event ErrorLevel="0" Project="SampleQueries" Source="SampleForm.resx" Description="File successfully backed up as C:\Users\patrick.schwarz\Documents\MSDN\2008c#\LinqSamples\SampleQueries\Backup\SampleForm.resx">
</Event><Event ErrorLevel="0" Project="SampleQueries" Source="SampleQueries.csproj" Description="Project converted successfully">
</Event><Event ErrorLevel="3" Project="SampleQueries" Source="SampleQueries.csproj" Description="Converted">
</Event><Event ErrorLevel="0" Project="" Source="SampleQueries.sln" Description="Solution converted successfully">
</Event><Event ErrorLevel="3" Project="" Source="SampleQueries.sln" Description="Converted">
</Event><Event ErrorLevel="0" Project="SampleQueries" Source="SampleQueries.csproj" Description="Scan complete: Upgrade not required for project files.">
</Event></UpgradeLog>