<?xml version="1.0" encoding="utf-8" ?>
<hibernate-configuration  xmlns="urn:nhibernate-configuration-2.2" >
	<session-factory>
		<!-- properties -->
		<property name="connection.provider">NHibernate.Connection.DriverConnectionProvider</property>
		<property name="connection.driver_class">NHibernate.Driver.SqlClientDriver</property>
		<property name="connection.connection_string">Data Source=localhost;Initial Catalog=test;Integrated Security=True</property>
		<property name="show_sql">true</property>
		<property name="dialect">NHibernate.Dialect.MsSql2000Dialect</property>
		<property name="use_outer_join">false</property>
		<property name="query.substitutions">true 1, false 0, yes 'Y', no 'N'</property>
		<property name="proxyfactory.factory_class">NHibernate.ByteCode.Castle.ProxyFactoryFactory, NHibernate.ByteCode.Castle</property>
		<mapping assembly="RhinoIglooSample.Test"/>
	</session-factory>
</hibernate-configuration>
