﻿<?xml version="1.0" encoding="utf-8"?>
<MyFavorites xmlns:media="http://search.yahoo.com/mrss" xmlns:cf="http://www.microsoft.com/schema/rss/core/2005" xmlns:vidAt="http://soapbox.msn.com/elements/2005">
  <item>
    <title>Microsoft Student Partners at Namco Station London</title>
    <link>http://soapbox.msn.com/video.aspx?vid=6c9090c2-63e7-4dff-8eb4-261c6c8357fa</link>
    <pubDate>Fri, 23 Feb 2007 15:02:07 -08:00</pubDate>
    <description><![CDATA[<div><a href='http://soapbox.msn.com/video.aspx?vid=6c9090c2-63e7-4dff-8eb4-261c6c8357fa'><img src='http://a331.g.akamai.net/f/331/23830/v0001/msnuuv1.download.akamai.com/23830/thumbs/prod/48/55/f2/1de2a4f6-87be-411d-a7ce-624bd5f25548.jpg' title='Microsoft Student Partners at Namco Station London'border:none;'</img></a><div>Microsoft Student Partners (MSPs) having fun on the Dodgems (Bumper Cars) at Namco Station in London on our second Microsoft Student Partner Event this year 2006-2007.</div><div>Views: 60</div><div>Rating: <img src='http://images.soapbox.msn.com/i/r_sc_4_00.gif'</img></div><div>Uploaded On: Fri, 23 Feb 2007 15:02:07 -08:00</div></div>]]></description>
    <guid>6c9090c2-63e7-4dff-8eb4-261c6c8357fa</guid>
    <vidAt:pubDate cf:name="pubDate">Fri, 23 Feb 2007 15:02:07 -08:00</vidAt:pubDate>
    <vidAt:playCount cf:name="playCount">60</vidAt:playCount>
    <vidAt:rating cf:name="rating">4</vidAt:rating>
    <vidAt:description cf:name="description">Microsoft Student Partners (MSPs) having fun on the Dodgems (Bumper Cars) at Namco Station in London on our second Microsoft Student Partner Event this year 2006-2007.</vidAt:description>
    <vidAt:category cf:name="category">People</vidAt:category>
    <vidAt:tags>
      <value>bumper cars</value>
      <value>dodgems</value>
      <value>namco station london</value>
      <value>microsoft student partners</value>
      <value>microsoft</value>
    </vidAt:tags>
    <vidAt:duration cf:name="duration">33</vidAt:duration>
    <media:content medium="video" bitrate="450">
      <media:thumbnail url="http://a331.g.akamai.net/f/331/23830/v0001/msnuuv1.download.akamai.com/23830/thumbs/prod/48/55/f2/1de2a4f6-87be-411d-a7ce-624bd5f25548.jpg" />
      <media:player url="http://soapbox.msn.com/video.aspx?vid=6c9090c2-63e7-4dff-8eb4-261c6c8357fa" />
      <media:streaming url="http://soapbox.msn.com/StreamingUrl.aspx?vid=6c9090c2-63e7-4dff-8eb4-261c6c8357fa" />
      <media:copyright>©2007 Microsoft Corporation.  All rights reserved.</media:copyright>
    </media:content>
    <media:credit role="provider">darrenstraight</media:credit>
  </item>
  <item>
    <title>"Apple &amp; the Microsoft Deal" - MacWorld 1997</title>
    <link>http://soapbox.msn.com/video.aspx?vid=b297d66b-d352-4b7e-9869-fc74d59f7287</link>
    <pubDate>Mon, 23 Oct 2006 05:57:04 -07:00</pubDate>
    <description><![CDATA[<div><a href='http://soapbox.msn.com/video.aspx?vid=b297d66b-d352-4b7e-9869-fc74d59f7287'><img src='http://a53.g.akamai.net/f/53/23830/v0001/msnuuv1.download.akamai.com/23830/thumbs/prod/87/72/9f/b297d66b-d352-4b7e-9869-fc74d59f7287.jpg' title='"Apple & the Microsoft Deal" - MacWorld 1997'border:none;'</img></a><div>Steve Jobs & the almost bankrupt Apple Computer at the time made a deal with Bill Gates & Microsoft to ensure the long term survival of the company. The crowd wasn't too happy about it, booing, hissing, and generally expressing their religous disapproval.</div><div>Views: 1634</div><div>Rating: <img src='http://images.soapbox.msn.com/i/r_sc_4_25.gif'</img></div><div>Uploaded On: Mon, 23 Oct 2006 05:57:04 -07:00</div></div>]]></description>
    <guid>b297d66b-d352-4b7e-9869-fc74d59f7287</guid>
    <vidAt:pubDate cf:name="pubDate">Mon, 23 Oct 2006 05:57:04 -07:00</vidAt:pubDate>
    <vidAt:playCount cf:name="playCount">1634</vidAt:playCount>
    <vidAt:rating cf:name="rating">4.37777805328369</vidAt:rating>
    <vidAt:description cf:name="description">Steve Jobs &amp; the almost bankrupt Apple Computer at the time made a deal with Bill Gates &amp; Microsoft to ensure the long term survival of the company. The crowd wasn't too happy about it, booing, hissing, and generally expressing their religous disapproval.</vidAt:description>
    <vidAt:category cf:name="category">Technology</vidAt:category>
    <vidAt:tags>
      <value>bill gates</value>
      <value>steve jobs</value>
      <value>microsoft</value>
      <value>apple</value>
      <value>gates</value>
      <value>steve jobs microsoft</value>
    </vidAt:tags>
    <vidAt:duration cf:name="duration">725</vidAt:duration>
    <media:content medium="video" bitrate="450">
      <media:thumbnail url="http://a53.g.akamai.net/f/53/23830/v0001/msnuuv1.download.akamai.com/23830/thumbs/prod/87/72/9f/b297d66b-d352-4b7e-9869-fc74d59f7287.jpg" />
      <media:player url="http://soapbox.msn.com/video.aspx?vid=b297d66b-d352-4b7e-9869-fc74d59f7287" />
      <media:streaming url="http://soapbox.msn.com/StreamingUrl.aspx?vid=b297d66b-d352-4b7e-9869-fc74d59f7287" />
      <media:copyright>©2007 Microsoft Corporation.  All rights reserved.</media:copyright>
    </media:content>
    <media:credit role="provider">kslive42</media:credit>
  </item>
  <item>
    <title>Microsoft Interns</title>
    <link>http://soapbox.msn.com/video.aspx?vid=cc6b47ca-6899-4cbb-a3ab-7e42d0ef53b6</link>
    <pubDate>Tue, 26 Sep 2006 08:01:31 -07:00</pubDate>
    <description><![CDATA[<div><a href='http://soapbox.msn.com/video.aspx?vid=cc6b47ca-6899-4cbb-a3ab-7e42d0ef53b6'><img src='http://a133.g.akamai.net/f/133/23830/v0001/msnuuv1.download.akamai.com/23830/thumbs/prod/b6/53/ef/cc6b47ca-6899-4cbb-a3ab-7e42d0ef53b6.jpg' title='Microsoft Interns'border:none;'</img></a><div>A group of Microsoft interns dance to InSync's music at the end of their internship and, well, this is what they produced.</div><div>Views: 5531</div><div>Rating: <img src='http://images.soapbox.msn.com/i/r_sc_4_00.gif'</img></div><div>Uploaded On: Tue, 26 Sep 2006 08:01:31 -07:00</div></div>]]></description>
    <guid>cc6b47ca-6899-4cbb-a3ab-7e42d0ef53b6</guid>
    <vidAt:pubDate cf:name="pubDate">Tue, 26 Sep 2006 08:01:31 -07:00</vidAt:pubDate>
    <vidAt:playCount cf:name="playCount">5531</vidAt:playCount>
    <vidAt:rating cf:name="rating">4.18888902664185</vidAt:rating>
    <vidAt:description cf:name="description">A group of Microsoft interns dance to InSync's music at the end of their internship and, well, this is what they produced.</vidAt:description>
    <vidAt:category cf:name="category">Comedy</vidAt:category>
    <vidAt:tags>
      <value>microsoft</value>
      <value>insync</value>
      <value>intern</value>
      <value>lisa</value>
      <value>mikey liked it</value>
      <value>real good job!</value>
      <value>microsoft is so much fun</value>
      <value>awesome</value>
      <value>interns</value>
      <value>office humor</value>
    </vidAt:tags>
    <vidAt:duration cf:name="duration">256</vidAt:duration>
    <media:content medium="video" bitrate="450">
      <media:thumbnail url="http://a133.g.akamai.net/f/133/23830/v0001/msnuuv1.download.akamai.com/23830/thumbs/prod/b6/53/ef/cc6b47ca-6899-4cbb-a3ab-7e42d0ef53b6.jpg" />
      <media:player url="http://soapbox.msn.com/video.aspx?vid=cc6b47ca-6899-4cbb-a3ab-7e42d0ef53b6" />
      <media:streaming url="http://soapbox.msn.com/StreamingUrl.aspx?vid=cc6b47ca-6899-4cbb-a3ab-7e42d0ef53b6" />
      <media:copyright>©2007 Microsoft Corporation.  All rights reserved.</media:copyright>
    </media:content>
    <media:credit role="provider">kslive42</media:credit>
  </item>
</MyFavorites>